region,mean,std,se,t_stat,p_value,effect_size
left LO,10772.343684210526,813.7543556465301,186.6880526910148,,,
left pIPS,10674.061263157893,1217.0467198512483,279.2096663894341,,,
right LO,10478.117524561403,1240.2093871595746,284.52354670837343,,,
right pIPS,10216.69382982456,1081.7859247751733,248.17871182314067,,,
pIPS (L-R diff),457.3674333333347,1628.3315096571578,373.56486827255657,1.1975179321107607,0.2466373191317849,0.3972257635326114
LO (L-R diff),294.2261596491262,1483.3460403197998,340.30292042395877,0.9080287234444309,0.3758602265141119,0.28051352420170117
