ROI_ID,ROI_Name,Left_Diff,Right_Diff,Same_Direction,Direction
96,7Networks_LH_Default_pCunPCC_1,0.054530094282726115,0.04748595147516186,True,Same
3,7Networks_LH_Vis_3,-0.07627418088285548,-0.06499169433587476,True,Same
4,7Networks_LH_Vis_4,0.04425281758947102,0.057757819488056396,True,Same
198,7Networks_RH_Default_pCunPCC_1,0.056032779651056776,0.05381977960381559,True,Same
71,7Networks_LH_Cont_pCun_1,0.07284173286078792,0.06346390469882049,True,Same
104,7Networks_RH_Vis_4,0.04584356088583406,0.051640669787670235,True,Same
105,7Networks_RH_Vis_5,-0.057405200247701835,-0.06741309969833022,True,Same
10,7Networks_LH_Vis_10,0.04967456372258695,0.06362002754681989,True,Same
12,7Networks_LH_Vis_12,0.054412064853271366,0.054520959886232095,True,Same
13,7Networks_LH_Vis_13,0.0788161157336282,0.09009874340661458,True,Same
14,7Networks_LH_Vis_14,0.06560278316273502,0.06894341405285032,True,Same
108,7Networks_RH_Vis_8,-0.05768346124080524,-0.05659639943195016,True,Same
80,7Networks_LH_Default_Par_2,0.04907938965449207,0.045787196202007566,True,Same
177,7Networks_RH_Cont_pCun_1,0.06569834268118843,0.06762812671398646,True,Same
109,7Networks_RH_Vis_9,0.06783534266593817,0.08413650210652697,True,Same
112,7Networks_RH_Vis_12,0.054835127406189905,0.07540773105268417,True,Same
113,7Networks_RH_Vis_13,0.07230766503332568,0.07690679583404408,True,Same
114,7Networks_RH_Vis_14,0.05985783204117691,0.07881980962855252,True,Same
