Source,SS,DF,MS,F,p-unc,ng2,eps
condition,0.1481529976156875,2,0.07407649880784375,194.98375335421522,2.3468635882029532e-19,0.5680549460769175,0.8169905456447272
Error,0.012916978548932215,34,0.00037991113379212395,,,,
