subject,dice_original,dice_acompcor,diff,between_dorsal_orig,between_dorsal_acomp,between_ventral_orig,between_ventral_acomp
sub-025,0.707160125142207,0.7051157978298778,-0.002044327312329286,0.5062340593638549,0.5048922462717107,0.47854602033974314,0.47887880824630535
sub-038,0.7987782352888176,0.7977828591015077,-0.0009953761873099376,0.4920340478941784,0.4925633967225569,0.4793724497547054,0.478393156862408
sub-083,0.7644725911766544,0.765051139782071,0.0005785486054165068,0.48733736381187864,0.4874401934693432,0.49785664231363697,0.49819636801135603
sub-093,0.9516660849758445,0.9517190391565297,5.295418068518298e-05,0.5860241196467051,0.5858569570340653,0.5789730517761477,0.5789489630960116
sub-107,0.8003188727976227,0.7998042856263347,-0.0005145871712880501,0.5535028103917252,0.553444086056343,0.5479982151124496,0.5476471889113947
