contrast,t,df,p,dz
object(+1) vs control(-1),7.088399929480974,17,1.8190739965984842e-06,1.6707518859660808
