,F Value,Num DF,Den DF,Pr > F
cond,192.63386347612132,2.0,34.0,2.8365288976837558e-19
