,F Value,Num DF,Den DF,Pr > F
seed,5.917176959010489,1.0,17.0,0.026332182508159583
partner,84.73279177557409,1.0,17.0,5.139868065504026e-08
seed:partner,18.185972677305767,1.0,17.0,0.0005235036527208086
