,F Value,Num DF,Den DF,Pr > F
pair,44.342795328558886,3.0,51.0,3.0418992124053214e-14
