contrast,t,df,p,dz
object(+1) vs control(-1),9.205041649855477,17,5.139868065504042e-08,2.1696491239058044
