,F Value,Num DF,Den DF,Pr > F
cond,253.95794865975526,2.0,34.0,3.616591322138195e-21
