comparison,t,p_uncorrected,p_holm,dz
pFS-pIPS vs pFS-LO,-4.573802545053093,0.0002697075228261978,0.0005394150456523956,-1.078055598471777
V1-pIPS vs V1-LO,1.7021761751806008,0.10693643553675894,0.10693643553675894,0.4012067720814611
