,F Value,Num DF,Den DF,Pr > F
pair,64.93542806180142,4.0,68.0,1.6731660756771838e-22
