,F Value,Num DF,Den DF,Pr > F
pair,70.25233644579353,3.0,51.0,4.01396455485959e-18
