,F Value,Num DF,Den DF,Pr > F
cond,192.6338634761214,2.0,34.0,2.8365288976837307e-19
