,F Value,Num DF,Den DF,Pr > F
pair,70.2523364457935,3.0,51.0,4.013964554859634e-18
