comparison,t,p_uncorrected,p_holm,dz
pFS-pIPS vs pFS-LO,-4.573802545053092,0.0002697075228261983,0.0005394150456523966,-1.078055598471777
V1-pIPS vs V1-LO,1.702176175180602,0.10693643553675868,0.10693643553675868,0.40120677208146144
