contrast,t,df,p,dz
object(+1) vs control(-1),9.20504164985548,17,5.139868065504015e-08,2.1696491239058044
