left_ventral_visual_cortex,left_dorsal_visual_cortex,left_LO,left_PFS,left_pIPS,left_aIPS,left_V1,right_ventral_visual_cortex,right_dorsal_visual_cortex,right_LO,right_PFS,right_pIPS,right_aIPS,right_V1
5.034046683333334,4.539913458333333,5.127448054285714,4.497514731428571,3.8166544166666663,3.348581822222222,4.260822785294118,4.661959891176471,4.0537121083333325,4.295355082857143,4.433214333333335,3.742488858333333,3.326712091666666,3.730100147222222
4.998223183333334,4.364478111111111,5.048753199999999,4.5692126972222225,3.723580566666666,3.789545188888889,4.480769711428571,4.511486911428571,3.833218116666666,4.78190918611111,4.425013581818182,3.893631466666667,3.4373863888888883,3.8863978611111114
4.996781429411764,4.455193091666667,4.755821866666667,4.542376333333333,3.9836359166666657,3.652072330555556,4.624436802777779,4.443467567647059,4.077559363888888,4.458403773529413,4.458471555882353,3.9204136944444437,3.624298952777778,3.7043525916666673
5.210891997222222,4.435637197222222,4.764801291666667,4.557866399999999,3.9274849166666663,3.625673758333333,4.416103747222222,4.665415872222223,4.165427041666667,4.723986863888888,4.3515390848484845,3.6833282611111113,3.4411057972222228,3.7644523722222223
