left_ventral_visual_cortex,left_dorsal_visual_cortex,left_LO,left_PFS,left_pIPS,left_aIPS,left_V1,right_ventral_visual_cortex,right_dorsal_visual_cortex,right_LO,right_PFS,right_pIPS,right_aIPS,right_V1
52023.11111111111,74726.83333333333,15555.805555555555,10528.666666666666,29911.11111111111,30844.13888888889,24304.222222222223,50987.555555555555,70928.41666666667,15775.527777777777,7263.055555555556,26428.0,33211.083333333336,25251.0
52503.25,74613.86111111111,15274.277777777777,10462.888888888889,29980.305555555555,30596.833333333332,25550.055555555555,50509.61111111111,69889.27777777778,15546.694444444445,7164.333333333333,26269.61111111111,32806.805555555555,25704.472222222223
51887.666666666664,72517.02777777778,15869.027777777777,10647.361111111111,29905.472222222223,30264.694444444445,24957.305555555555,50366.0,70679.5,16224.694444444445,7028.583333333333,26306.722222222223,33177.333333333336,25637.583333333332
52696.694444444445,74072.41666666667,15711.277777777777,10683.166666666666,29614.277777777777,30774.722222222223,25067.055555555555,49791.416666666664,72879.33333333333,15537.305555555555,7086.222222222223,26310.583333333332,33140.0,26087.88888888889
