left_ventral_visual_cortex,left_dorsal_visual_cortex,left_LO,left_PFS,left_pIPS,left_aIPS,left_V1,right_ventral_visual_cortex,right_dorsal_visual_cortex,right_LO,right_PFS,right_pIPS,right_aIPS,right_V1
64676.08419166667,50766.79486193056,38616.394684575,18039.042669055558,15958.06782863889,12491.270847466667,15706.012066666668,52697.85244722223,38718.63029166666,23170.808356649995,11611.800357388891,21241.406829222222,15248.999910555554,7961.508443055556
63460.530275,47706.0225,34969.11216032778,18069.2858495,21955.44861669444,25586.365828177783,19279.818144166667,45645.88245972223,29329.80933333333,35156.36267470555,11895.805815686113,23105.781911833332,23582.86068972222,9928.441282222224
60294.97706611112,41113.078584152776,24928.793821555555,18546.31957988889,27293.057171277775,21181.794186788888,18907.370535555558,37238.29791944444,39551.20061388888,25129.870377094445,11605.57585138889,23570.09512166666,30932.00192761112,8011.016071666666
83013.13945777778,40219.20011193056,28418.78772846389,18780.906201277776,27693.113955416662,18145.64209388889,17345.449905,54081.15821666666,38079.06945555555,32139.426242094447,11615.11503893611,8985.569811194444,23117.07899794444,9793.736532777777
