left_ventral_visual_cortex,left_dorsal_visual_cortex,left_LO,left_PFS,left_pIPS,left_aIPS,left_V1,right_ventral_visual_cortex,right_dorsal_visual_cortex,right_LO,right_PFS,right_pIPS,right_aIPS,right_V1
1250.82995435213,693.5767658081672,2472.523682557994,1672.360246946049,530.7773065531042,401.8916036651992,620.9462122927218,1031.0066295231525,540.7482006644409,1460.056912881252,1614.5580034826255,784.726643833473,465.30581467436775,320.7620532736334
1167.200186853474,626.0937508823965,2284.2526283398024,1717.646148650486,714.5729726486147,833.1937007694181,725.9292874441511,894.5734035962391,424.55811165525006,2203.3883370721614,1702.5042500990705,855.0587730586581,700.2873187450572,379.7952534078232
1171.8528962908404,563.66677293776,1619.609390196896,1721.1416726675855,902.2679418710978,691.1147310753685,760.2311023363395,748.4621981257562,558.0231215840618,1530.8819721707393,1641.157183725175,857.812676906974,921.8107169913447,297.0641178035901
1568.7867082675705,545.5444019044713,1793.988962200333,1767.667431233598,940.198561955162,552.2904678590342,672.0239024957726,1088.9555166121763,515.005948161498,2035.660466638047,1615.2608585693406,347.3883447358478,701.056110887142,349.2338297808649
