left_ventral_visual_cortex,left_dorsal_visual_cortex,left_LO,left_PFS,left_pIPS,left_aIPS,left_V1,right_ventral_visual_cortex,right_dorsal_visual_cortex,right_LO,right_PFS,right_pIPS,right_aIPS,right_V1
11773.722222222223,10910.833333333334,6244.222222222223,3213.1388888888887,3682.6388888888887,2864.0833333333335,3068.5555555555557,9756.527777777777,9299.111111111111,4126.583333333333,2197.0,4867.111111111111,3760.1388888888887,1893.5
11018.166666666666,10831.861111111111,5512.0,3379.4166666666665,4886.277777777777,5525.277777777777,3759.722222222222,8473.25,7416.777777777777,5726.222222222223,2383.8611111111113,5071.861111111111,5749.527777777777,2073.3055555555557
10374.138888888889,8776.833333333334,4031.6388888888887,3226.0,5712.666666666667,4999.444444444444,3423.777777777778,7453.611111111111,9102.277777777777,3983.1111111111113,2216.1666666666665,5165.138888888889,7163.777777777777,1718.25
13825.777777777777,8831.666666666666,4544.944444444444,3587.3888888888887,5798.333333333333,3871.472222222222,3252.25,10128.388888888889,9075.916666666666,5207.194444444444,2282.1666666666665,2301.25,5484.138888888889,2027.8333333333333
