object_left_ventral_visual_cortex,object_left_dorsal_visual_cortex,object_left_LO,object_left_PFS,object_left_pIPS,object_left_aIPS,object_left_V1,object_right_ventral_visual_cortex,object_right_dorsal_visual_cortex,object_right_LO,object_right_PFS,object_right_pIPS,object_right_aIPS,object_right_V1,scramble_left_ventral_visual_cortex,scramble_left_dorsal_visual_cortex,scramble_left_LO,scramble_left_PFS,scramble_left_pIPS,scramble_left_aIPS,scramble_left_V1,scramble_right_ventral_visual_cortex,scramble_right_dorsal_visual_cortex,scramble_right_LO,scramble_right_PFS,scramble_right_pIPS,scramble_right_aIPS,scramble_right_V1
19863.777777777777,17333.5,8693.055555555555,5729.5,10070.75,6655.027777777777,725.8611111111111,16273.861111111111,13050.0,9641.472222222223,3538.0555555555557,7245.638888888889,8977.111111111111,679.25,3769.1111111111113,4127.777777777777,276.8888888888889,389.52777777777777,625.9444444444445,632.5555555555555,4862.055555555556,2484.3333333333335,3486.8333333333335,262.5833333333333,268.02777777777777,611.0555555555555,547.5,3853.6111111111113
17872.472222222223,18672.444444444445,9218.75,5301.666666666667,8514.805555555555,9085.527777777777,1097.4722222222222,16217.333333333334,18952.75,9018.166666666666,4490.166666666667,7824.555555555556,8596.916666666666,667.6388888888889,3730.0833333333335,3465.8888888888887,298.0833333333333,555.0,440.02777777777777,490.44444444444446,4671.583333333333,2936.9166666666665,3236.1388888888887,288.8333333333333,171.0,794.4722222222222,632.3333333333334,3925.9444444444443
18256.166666666668,17077.805555555555,9728.861111111111,5484.75,8435.777777777777,7776.916666666667,902.1388888888889,15689.75,14046.638888888889,8885.333333333334,3693.277777777778,8629.416666666666,11225.444444444445,484.6666666666667,3666.5555555555557,3650.472222222222,361.44444444444446,494.5,438.5833333333333,839.3333333333334,5318.25,2282.8055555555557,3252.6388888888887,260.55555555555554,276.3611111111111,626.1944444444445,484.75,3429.0555555555557
19215.86111111111,15638.555555555555,9823.777777777777,6171.055555555556,8879.166666666666,7877.527777777777,679.5,18716.972222222223,19758.222222222223,9373.166666666666,4224.416666666667,7578.027777777777,6213.0,642.4722222222222,4100.5,4649.166666666667,318.47222222222223,505.25,580.3611111111111,419.0,4842.861111111111,2795.8333333333335,3188.1111111111113,286.02777777777777,192.97222222222223,780.1944444444445,723.5,3171.472222222222
