Comparison,Mean Dice,Std Dev,95% CI Lower,95% CI Upper,N
pIPS vs LO,0.9045684515403912,0.05642441531058937,0.8860222077322892,0.9231146953484932,38
