,sum_sq,df,F,PR(>F)
C(Group),0.14815299761568784,2.0,33.53528647544342,5.051575955627466e-10
Residual,0.11265451517661701,51.0,,
