ROI,Analysis,Mean Dice,Std Dev,95% CI Lower,95% CI Upper,N
pIPS,fc,0.8299650460904495,0.04915748450243339,0.8221133478435214,0.8378167443373776,153
LO,fc,0.7885434056820685,0.07282849579339506,0.776910845990795,0.800175965373342,153
