,sum_sq,df,F,PR(>F)
C(Group),0.9582246246817093,2.0,92.93635414122873,9.837989125785559e-18
Residual,0.26291894227152357,51.0,,
