sub,leftpIPS,leftaIPS,leftLO,rightpIPS,rightaIPS,rightLO
sub-spaceloc1004,0.16993421,0.17354839,0.42302907,0.14065228,0.15181267,0.3893819
