sub,leftpIPS,leftaIPS,leftLO,rightpIPS,rightaIPS,rightLO
sub-spaceloc1004,-0.0023225748799984157,0.0035227268752387035,-0.0015200780867857192,-0.0032178612130009322,0.0012014497667389072,-9.608004025001498e-05
