connection,W,p,d,mean,sem,p_fdr
left pIPS - left LO,827.0,0.00627803947839214,0.371408587327125,0.013055353346945832,0.004142575576305715,0.016327674174647113
left pIPS - right LO,2011.0,0.0042805332653141695,0.32998521648245177,0.010565517328356804,0.0030809482515747498,0.016327674174647113
right pIPS - left LO,2246.0,0.032646489137680666,0.22555146691579656,0.007589326049495208,0.0032377676253800528,0.04352865218357422
right pIPS - right LO,1027.0,0.10727652396367456,0.20510058549247615,0.007613081974066769,0.004374489279786702,0.12260174167277092
left aIPS - left LO,801.0,0.003991929761243792,0.3479777514855345,0.013415799177408995,0.0045435867227522145,0.016327674174647113
left aIPS - right LO,2135.0,0.013262749554336435,0.21368423901797662,0.00925203222247977,0.0041663213802534595,0.021220399286938297
right aIPS - left LO,2080.0,0.008163837087323557,0.23324544399561353,0.008526271042902855,0.0035174998376601508,0.016327674174647113
right aIPS - right LO,1050.0,0.13847682529638283,0.18045612324506677,0.007012389724798255,0.004579606596145334,0.13847682529638283
