comparison,W,p_uncorrected,d,mean_diff,left_mean,left_sem,right_mean,right_sem,p_fdr
Left vs Right pIPS,6838.0,0.06189693564414018,0.11615462165498433,0.003962623316468574,0.011561451735792407,0.0024770006337675138,0.007598828419323833,0.002606914436366377,0.18569080693242054
Left vs Right aIPS,7308.0,0.2318354604766769,0.07596438080383085,0.002996820488790443,0.010917539004451457,0.003086150539908692,0.007920718515661014,0.0027871528407892162,0.34775319071501537
Left LO vs Right LO,70122.0,0.4219510085575182,0.05164192435008631,0.002077820085140493,0.016466315511866537,0.00171334064089665,0.014388495426726045,0.001749361541799249,0.4219510085575182
