comparison,W,p_uncorrected,d,mean_diff,left_mean,left_sem,right_mean,right_sem,p_fdr
Left vs Right pIPS,6694.0,0.03819689907360901,0.1546723638291357,0.005886200264003533,0.0017345749746361444,0.002467804344897741,-0.0041516252893673885,0.0031625382994371577,0.057295348610413514
Left vs Right aIPS,6943.0,0.08597147723647673,0.11403183072085546,0.0045604775609393335,-0.0025311083480576545,0.0029527271974931807,-0.007091585908996988,0.003008816714370437,0.08597147723647673
Left LO vs Right LO,63615.0,0.00940808713680307,0.11161249376823346,0.004535285475501463,0.0051147795601323,0.0016651578806695846,0.0005794940846308366,0.0018282720860246149,0.02822426141040921
