connection,W,p,d,mean,sem,p_fdr
left pIPS - left LO,1231.0,0.6413797406093857,0.06146115356526377,0.002081398606958352,0.003991060422210957,0.733005417839298
left pIPS - right LO,2784.0,0.6260049284873206,0.045900850533317376,0.001503359219754673,0.0031515931893751526,0.733005417839298
right pIPS - left LO,2867.0,0.8157996051358722,0.0007454886941975911,2.910588893769578e-05,0.003756885226414812,0.8157996051358722
right pIPS - right LO,1093.0,0.2149072488263002,-0.22348272910350162,-0.010422722056825004,0.005496306477138469,0.5730859968701338
left aIPS - left LO,1214.0,0.5746820962480728,0.08342095102622421,0.0030576361792524647,0.0043196088517625944,0.733005417839298
left aIPS - right LO,2515.0,0.18956033607453238,-0.15180302489360284,-0.006256938032931068,0.003966153783148846,0.5730859968701338
right aIPS - left LO,2757.0,0.5685987193519749,-0.09591338335133283,-0.003487283823960469,0.0034986154149652085,0.733005417839298
right aIPS - right LO,978.0,0.059358451490717896,-0.27492298701508605,-0.012498039036551778,0.005357529533870888,0.47486761192574317
