origin,target,mean_f_diff,std_f_diff,W_statistic,p_value,effect_size,significant
lpIPS,lLO,8.172029588088309,12.627219276838622,18.0,0.000965118408203125,4.129483209670111,True
lpIPS,rLO,6.69921599113111,7.9200296621326975,15.0,0.000522613525390625,3.4412360080584263,True
rpIPS,lLO,2.0849974106381115,7.812375417995455,48.0,0.060207366943359375,11.011955225786963,False
rpIPS,rLO,2.0974140065651654,9.038026505843204,65.0,0.24125289916992188,14.912022701586514,False
