roi_pair,mean,median,std,min,max
lpIPS-lLO,7.714844155546379,3.470529166710669,11.702145596691736,-3.652964492454965,36.22111217239469
lpIPS-rLO,7.492829765018655,3.976336554499376,9.013431386171682,-2.7232584101359048,33.32235583660411
rpIPS-lLO,1.8181356295569269,0.524067321890508,8.123857083542088,-12.6413382105727,25.97403103247032
rpIPS-rLO,1.5819027969987054,0.8588321373720599,9.326386746533505,-19.53732134119932,21.79205819187464
