origin,target,mean_f_diff,std_f_diff,W_statistic,p_value,effect_size,significant
lpIPS,lLO,7.714844155546379,11.702145596691736,21.0,0.0016937255859375,4.817730411281796,True
lpIPS,rLO,7.492829765018653,9.013431386171684,10.0,0.000164031982421875,2.2941573387056176,True
rpIPS,lLO,1.8181356295569269,8.123857083542088,61.0,0.18186569213867188,13.994359766104266,False
rpIPS,rLO,1.5819027969987054,9.326386746533505,66.0,0.25792694091796875,15.141438435457076,False
