roi_pair,mean,median,std,min,max
lpIPS-lLO,8.143759091099236,3.470529343816724,11.805686961032896,-3.652964459735172,36.22111195615505
lpIPS-rLO,7.50812303764567,4.266909614903922,9.007377775122338,-2.723257684134744,33.322355597143776
rpIPS-lLO,1.8389912644899407,0.5240670258735837,8.11869713013349,-12.641338518234106,25.974030402628447
rpIPS-rLO,1.5996228028307675,0.8588321890565664,9.31246084968901,-19.53732095434905,21.79205772106229
