,lpIPS-lLO,lpIPS-rLO,rpIPS-lLO,rpIPS-rLO
count,19.0,19.0,19.0,19.0
mean,7.714844155546379,7.492829765018653,1.8181356295569269,1.5819027969987054
std,11.702145596691736,9.013431386171684,8.123857083542088,9.326386746533505
min,-3.652964492454965,-2.7232584101359048,-12.6413382105727,-19.53732134119932
25%,0.2508324551251794,1.3740286510528485,-0.20232570255193577,-1.0757758683928929
50%,3.470529166710669,3.976336554499376,0.524067321890508,0.8588321373720599
75%,7.3825562075090385,10.915540221307161,2.2671157276084597,4.238895726125159
max,36.22111217239469,33.32235583660411,25.97403103247032,21.79205819187464
