,lpIPS-lLO,lpIPS-rLO,rpIPS-lLO,rpIPS-rLO
count,19.0,19.0,19.0,19.0
mean,8.172029588088309,6.69921599113111,2.0849974106381115,2.0974140065651654
std,12.627219276838622,7.9200296621326975,7.812375417995455,9.038026505843204
min,-5.464006725714888,-3.3692567757676333,-12.171566453322582,-15.30281713179339
25%,0.4941944383531592,1.0389710135998607,-0.2240329599123017,-0.545706086260087
50%,4.540571039274393,4.266909614903922,1.2838221516813209,1.1904792577579622
75%,10.376939151970703,11.643212236692634,3.601655028490587,3.694906487509307
max,45.56584142867859,28.993554868909087,24.354256163239103,23.668157811532524
