index,task,roi,hemisphere,x,y,z,subject
0,loc,V1,left,-6.630335064107584,-67.52421605932375,1.5153570264864982,sub-083
0,loc,V1,right,6.246096449224879,-69.36073114233334,0.4586676121956259,sub-083
1,loc,V1,left,-20.45050223985406,-75.88593380161292,7.553227156331815,sub-083
1,loc,V1,right,9.998468165061325,-72.7145179968011,7.359891188489229,sub-083
2,loc,V1,left,-10.75517327049468,-67.68929841401092,4.924506735718822,sub-083
2,loc,V1,right,9.401019412791968,-72.25023498047827,6.788569565095813,sub-083
