,sum_sq,df,F,PR(>F)
C(Group),0.1726438717191185,2.0,81.89984966483298,1.1917383855185453e-16
Residual,0.05375368510264651,51.0,,
