ROI,Analysis,Condition,Mean Dice,Std Dev,95% CI Lower,95% CI Upper,N
pIPS,fc,nontools,0.840118935912281,0.03823457832536252,0.8340119030840568,0.8462259687405053,153
LO,fc,nontools,0.7852836034646559,0.05208985373634513,0.7769635314063683,0.7936036755229434,153
