ROI,nontools,tools,Difference
LO,0.7852836034646559,0.7859765992459867,0.0006929957813308629
pIPS,0.840118935912281,0.8416808876060824,0.0015619516938013556
pIPS vs LO,0.9228457386664677,0.91912355310552,-0.0037221855609477217
