,sum_sq,df,F,PR(>F)
C(Group),0.1609706730206097,2.0,70.42833263878931,2.123874032296948e-15
Residual,0.058282682668037517,51.0,,
