ROI,Analysis,Condition,Mean Dice,Std Dev,95% CI Lower,95% CI Upper,N
pIPS,fc,tools,0.8416808876060824,0.031099081614377348,0.8367135747530297,0.8466482004591351,153
LO,fc,tools,0.7859765992459867,0.05118324417595447,0.7778013357507902,0.7941518627411832,153
