,sum_sq,df,F,PR(>F)
C(Group),0.4193689522076203,2.0,26.208541926330636,1.482300181121524e-08
Residual,0.4080314086664467,51.0,,
