ROI,Analysis,Condition,Mean Dice,Std Dev,95% CI Lower,95% CI Upper,N
pIPS,ppi,tools,0.4696538286033957,0.11266783311836084,0.45165791533129107,0.48764974187550036,153
LO,ppi,tools,0.5020838688516648,0.08806905581693111,0.4880170048091774,0.5161507328941521,153
