ROI,Analysis,Condition,Mean Dice,Std Dev,95% CI Lower,95% CI Upper,N
pIPS,ppi,nontools,0.4521344306684861,0.11229067525969683,0.43419875908139977,0.4700701022555724,153
LO,ppi,nontools,0.5011498931603825,0.10738650381845496,0.4839975422557434,0.5183022440650217,153
