Analysis,Condition,Group,N,Mean,Std,CI_Lower,CI_Upper
ppi,nontools,"Within-subject, between-ROI",18,0.6587012897040001,0.111765301136903,0.6031217130229583,0.714280866385042
ppi,nontools,"Between-subject, within-pIPS",18,0.4521344306684862,0.07249423353505306,0.4160838964623518,0.4881849648746206
ppi,nontools,"Between-subject, within-LO",18,0.5011498931603825,0.07015351137700059,0.46626337269866713,0.5360364136220979
