ROI,nontools,tools,Difference
LO,0.5011498931603825,0.5020838688516648,0.000933975691282285
pIPS,0.4521344306684861,0.4696538286033957,0.017519397934909642
pIPS vs LO,0.6587012897040001,0.6762362196853168,0.01753492998131667
