,sum_sq,df,F,PR(>F)
C(Group),0.4443421986990925,2.0,24.13461315738507,4.209846344964585e-08
Residual,0.4694803265723658,51.0,,
